{
  "action_fingerprints": {
    "action_listen": {
      "slots": [
        "selected_type_slot",
        "selected_id"
      ]
    },
    "find_provider_types": {
      "slots": [
        "provider_types_slot"
      ]
    },
    "hospital_form": {
      "slots": [
        "zip",
        "requested_slot"
      ]
    },
    "find_healthcare_address": {
      "slots": [
        "selected_address"
      ]
    },
    "utter_goodbye": {
      "slots": []
    },
    "utter_noworries": {
      "slots": []
    },
    "find_hospital": {
      "slots": []
    }
  },
  "rasa_core": "0.13.0a4",
  "python": "3.6.5",
  "max_histories": [
    5,
    2,
    6,
    6
  ],
  "ensemble_name": "rasa_core.policies.ensemble.SimplePolicyEnsemble",
  "policy_names": [
    "rasa_core.policies.memoization.MemoizationPolicy",
    "rasa_core.policies.form_policy.FormPolicy",
    "rasa_core.policies.keras_policy.KerasPolicy",
    "rasa_core.policies.memoization.MemoizationPolicy"
  ],
  "trained_at": "20181219-172552"
}