{"py/object": "rasa_core.featurizers.MaxHistoryTrackerFeaturizer", "max_history": 6, "remove_duplicates": true, "state_featurizer": {"py/object": "rasa_core.featurizers.BinarySingleStateFeaturizer", "input_state_map": {"active_form_center_form": 31, "active_form_hospital_form": 30, "entity_number": 6, "entity_provider_type": 7, "intent_deny": 0, "intent_goodbye": 1, "intent_greet": 2, "intent_inform": 3, "intent_search_provider": 4, "intent_thankyou": 5, "prev_action_deactivate_form": 11, "prev_action_default_ask_affirmation": 13, "prev_action_default_ask_rephrase": 14, "prev_action_default_fallback": 10, "prev_action_listen": 8, "prev_action_restart": 9, "prev_action_revert_fallback_events": 12, "prev_center_form": 29, "prev_find_healthcare_address": 24, "prev_find_hospital": 23, "prev_find_provider_types": 25, "prev_hospital_form": 28, "prev_utter_address": 26, "prev_utter_ask_specialty": 19, "prev_utter_ask_type": 20, "prev_utter_ask_zip": 18, "prev_utter_found_healthcare": 27, "prev_utter_found_hospitals": 21, "prev_utter_found_specialties": 22, "prev_utter_goodbye": 17, "prev_utter_greet": 16, "prev_utter_noworries": 15}, "num_features": 32, "slot_feature_len": 0, "user_feature_len": 8}, "use_intent_probabilities": false}