{"py/object": "rasa_core.featurizers.MaxHistoryTrackerFeaturizer", "max_history": 6, "remove_duplicates": true, "state_featurizer": {"py/object": "rasa_core.featurizers.BinarySingleStateFeaturizer", "input_state_map": {"active_form_center_form": 32, "active_form_hospital_form": 31, "entity_number": 7, "entity_type": 8, "intent_deny": 0, "intent_goodbye": 1, "intent_greet": 2, "intent_inform": 3, "intent_search_hospital": 4, "intent_search_treatment_center": 5, "intent_thankyou": 6, "prev_action_deactivate_form": 12, "prev_action_default_ask_affirmation": 14, "prev_action_default_ask_rephrase": 15, "prev_action_default_fallback": 11, "prev_action_listen": 9, "prev_action_restart": 10, "prev_action_revert_fallback_events": 13, "prev_center_form": 30, "prev_find_healthcare_address": 25, "prev_find_hospital": 24, "prev_find_provider_types": 26, "prev_hospital_form": 29, "prev_utter_address": 27, "prev_utter_ask_specialty": 20, "prev_utter_ask_type": 21, "prev_utter_ask_zip": 19, "prev_utter_found_healthcare": 28, "prev_utter_found_hospitals": 22, "prev_utter_found_specialties": 23, "prev_utter_goodbye": 18, "prev_utter_greet": 17, "prev_utter_noworries": 16}, "num_features": 33, "slot_feature_len": 0, "user_feature_len": 9}, "use_intent_probabilities": false}